Submission id,Participant id,Status,Started at,Completed at,Reviewed at,Archived at,Time taken,Completion code,Total approvals,Fluent languages,Age,Sex,Ethnicity simplified,Country of birth,Country of residence,Nationality,Language,Student status,Employment status
64cbaa6be3985327eb5ce1ff,5f52709068e37c52492decd4,AWAITING REVIEW,2023-08-03T13:24:10.644000Z,2023-08-03T13:37:09.741000Z,,2023-08-03T13:37:10.287042Z,780,C1HYOJGP,393,"Polish, English",21,Male,White,Poland,Poland,Poland,Polish,Yes,Full-Time
64cbaa8293625e7b12590062,613aa993f61806616c8337bb,AWAITING REVIEW,2023-08-03T13:24:21.389000Z,2023-08-03T13:33:24.013000Z,,2023-08-03T13:33:25.578047Z,543,C1HYOJGP,172,"English, French, Italian, Spanish",24,Female,Mixed,Mexico,Mexico,Mexico,Spanish,Yes,Part-Time
64cbaa82ea1c4688c7e65517,61628d51ebe5632a11cfd29e,AWAITING REVIEW,2023-08-03T13:24:18.961000Z,2023-08-03T13:44:56.636000Z,,2023-08-03T13:44:57.124989Z,1238,C1HYOJGP,168,English,29,Male,Black,South Africa,South Africa,South Africa,English,No,Full-Time
64cbaa84ed46441a62f3786e,5ea967566e16ad037690bc4c,AWAITING REVIEW,2023-08-03T13:24:30.566000Z,2023-08-03T13:34:49.666000Z,,2023-08-03T13:34:50.236775Z,620,C1HYOJGP,490,"Portuguese, English",32,Male,White,Portugal,Portugal,Portugal,Portuguese,No,Part-Time
64cbaa899971181663a6dc34,6010556227f86b3444cbe498,AWAITING REVIEW,2023-08-03T13:24:24.993000Z,2023-08-03T13:35:52.460000Z,,2023-08-03T13:35:57.892575Z,688,NOCODE,272,"Portuguese, English, Spanish",23,Female,White,Portugal,Portugal,Portugal,Portuguese,Yes,Full-Time
64cbaa8adeb40dd8fc11f910,60bd44ceb5a67e42628e1465,AWAITING REVIEW,2023-08-03T13:24:26.292000Z,2023-08-03T13:32:33.589000Z,,2023-08-03T13:32:34.163677Z,488,C1HYOJGP,61,"English, Greek, German, Italian",26,Male,White,Greece,Greece,Greece,Greek,Yes,DATA_EXPIRED
64cbaa93eba71f09a091e3b5,60db9c9850c39eea109ef1d3,AWAITING REVIEW,2023-08-03T13:24:35.012000Z,2023-08-03T13:40:44.374000Z,,2023-08-03T13:40:44.855851Z,970,C1HYOJGP,171,"English, Afrikaans",25,Male,Black,South Africa,South Africa,South Africa,Afrikaans,Yes,Other
64cbaa96e7430dac6935d0c8,5bc2b61583de340001bf830f,AWAITING REVIEW,2023-08-03T13:24:38.914000Z,2023-08-03T13:46:03.939000Z,,2023-08-03T13:46:04.525197Z,1286,NOCODE,401,"English, Spanish",43,Male,White,Mexico,Mexico,Mexico,Spanish,No,Full-Time
64cbaa974382fa961ff312a3,5f6785ff73bbcf3923de77cc,AWAITING REVIEW,2023-08-03T13:27:10.275000Z,2023-08-03T13:38:12.051000Z,,2023-08-03T13:38:12.559340Z,662,C1HYOJGP,261,"English, Spanish",27,Male,Other,Mexico,Mexico,Mexico,Spanish,No,Unemployed (and job seeking)
64cbaa9e71feb9c7e854b9fd,6133d6ceda5d8d0022d8b108,AWAITING REVIEW,2023-08-03T13:25:23.783000Z,2023-08-03T13:44:39.028000Z,,2023-08-03T13:44:39.545352Z,1156,6133d6ceda5d8d0022d8b108,35,English,22,Male,Black,South Africa,South Africa,South Africa,English,Yes,Other
64cbaa9f1f980c277383fe19,6173a66fe893f70a2506e6f3,AWAITING REVIEW,2023-08-03T13:25:11.116000Z,2023-08-03T13:39:39.591000Z,,2023-08-03T13:39:40.724091Z,869,NOCODE,159,English,28,Female,Black,South Africa,South Africa,South Africa,English,No,Full-Time
64cbaa9f2dcf8840a25900a6,5f6495def933d1021b49e3da,AWAITING REVIEW,2023-08-03T13:24:51.688000Z,2023-08-03T13:48:01.644000Z,,2023-08-03T13:48:02.993022Z,1390,C1HYOJGP,450,"English, Portuguese",34,Female,White,Portugal,Portugal,Portugal,Portuguese,No,Full-Time
64cbaaa2964f97d8f46a41e7,60315645c8c7420a2f1ade9c,AWAITING REVIEW,2023-08-03T13:31:30.636000Z,2023-08-03T13:52:00.718000Z,,2023-08-03T13:52:02.060685Z,1231,C1HYOJGP,638,English,36,Male,Black,Zimbabwe,South Africa,Zimbabwe,English,Yes,Full-Time
64cbaaa69f3c363a2fd259d1,5edf9394395f862684578ea4,AWAITING REVIEW,2023-08-03T13:24:54.696000Z,2023-08-03T13:33:58.583000Z,,2023-08-03T13:33:59.096975Z,544,C1HYOJGP,216,"English, Portuguese",40,Female,White,Portugal,Portugal,Portugal,Portuguese,No,Full-Time
64cbaaab1f980c277383fe1b,64847f70345fa6e73189dcc4,AWAITING REVIEW,2023-08-03T13:25:03.513000Z,2023-08-03T13:35:26.299000Z,,2023-08-03T13:35:28.501080Z,623,C1HYOJGP,44,English,32,Male,White,Portugal,Portugal,Portugal,Portuguese,No,Full-Time
64cbaaafd6fd90e8c1fa0bd2,610a68eab019b157052bae82,AWAITING REVIEW,2023-08-03T13:25:03.379000Z,2023-08-03T13:38:42.432000Z,,2023-08-03T13:38:43.364346Z,820,C1HYOJGP,286,English,41,Female,White,South Africa,South Africa,United Kingdom,English,Yes,"Not in paid work (e.g. homemaker', 'retired or disabled)"
64cbaab1a93b759a517e15de,5f18197c778743041e82482f,AWAITING REVIEW,2023-08-03T13:25:11.119000Z,2023-08-03T13:37:20.647000Z,,2023-08-03T13:37:21.934174Z,730,C1HYOJGP,194,"English, Afrikaans",37,Male,White,Italy,South Africa,South Africa,English,No,Full-Time
64cbaab63c59715e2acdb8da,645fb39fe95bf65e6bb17d67,AWAITING REVIEW,2023-08-03T13:26:17.796000Z,2023-08-03T13:36:43.861000Z,,2023-08-03T13:36:44.393706Z,627,NOCODE,100,"English, Dutch",22,Male,White,Netherlands,Netherlands,Netherlands,Dutch,Yes,"Not in paid work (e.g. homemaker', 'retired or disabled)"
64cbaaba792b53bc6ddfc667,5e31aeefc549ee023d351eab,AWAITING REVIEW,2023-08-03T13:25:14.481000Z,2023-08-03T13:35:12.225000Z,,2023-08-03T13:35:12.808527Z,598,NOCODE,408,"English, Portuguese",25,Female,White,Portugal,Portugal,Portugal,Portuguese,No,Full-Time
64cbaabbdeb40dd8fc11f923,5e907ee26870110009e83705,AWAITING REVIEW,2023-08-03T13:25:15.648000Z,2023-08-03T13:40:35.458000Z,,2023-08-03T13:40:35.994719Z,920,C1HYOJGP,141,"English, Greek",23,Female,White,Greece,Greece,Greece,Greek,Yes,Full-Time
64cbaac10d5a5558d73d23c7,5dbca1ef74145024a01ab19d,AWAITING REVIEW,2023-08-03T13:25:21.229000Z,2023-08-03T13:37:52.420000Z,,2023-08-03T13:37:52.970847Z,752,NOCODE,336,"Portuguese, English",25,Male,White,Portugal,Portugal,Portugal,Portuguese,Yes,Full-Time
64cbaacde06019448f008876,5f5a1dbec9012406a20ea2d7,AWAITING REVIEW,2023-08-03T13:25:33.042000Z,2023-08-03T13:35:23.594000Z,,2023-08-03T13:35:24.370472Z,591,C1HYOJGP,266,"English, Portuguese",23,Female,White,Portugal,Portugal,Portugal,Portuguese,Yes,Part-Time
64cbaace9ecfd902d9c60218,63c533eab0ca10ad7d286420,AWAITING REVIEW,2023-08-03T13:25:34.227000Z,2023-08-03T13:34:58.204000Z,,2023-08-03T13:35:00.159201Z,564,C1HYOJGP,159,"Dutch, English",32,Male,White,Netherlands,Netherlands,Netherlands,Dutch,No,Unemployed (and job seeking)
64cbaad5216fafbc71ebb832,610303ad37b3a5913241fafa,AWAITING REVIEW,2023-08-03T13:26:01.302000Z,2023-08-03T13:37:34.465000Z,,2023-08-03T13:37:35.008241Z,694,C1HYOJGP,76,English,20,Male,Asian,France,France,France,Vietnamese,Yes,Other
64cbaad807602f1c041c2fc1,610d4b020c0ec927cbd29bb4,AWAITING REVIEW,2023-08-03T13:26:02.722000Z,2023-08-03T13:44:59.056000Z,,2023-08-03T13:44:59.536643Z,1137,C1HYOJGP,198,English,42,Female,Black,South Africa,South Africa,South Africa,English,No,Due to start a new job within the next month
64cbaad9b774cfa80611f92c,606e2ea0c4bd646aee2f2d7f,AWAITING REVIEW,2023-08-03T13:25:49.524000Z,2023-08-03T13:33:42.147000Z,,2023-08-03T13:33:42.666019Z,473,NOCODE,414,"Catalan, Spanish, English",24,Female,White,Spain,Spain,Spain,Spanish,Yes,Unemployed (and job seeking)
64cbaade882173d384b52cc3,60e60b0d04cf1158efcac6ac,AWAITING REVIEW,2023-08-03T13:25:50.821000Z,2023-08-03T13:37:15.410000Z,,2023-08-03T13:37:16.136253Z,685,NOCODE,267,"Polish, English",26,Male,White,Poland,Poland,Poland,Polish,No,Full-Time
64cbaae233c0145f79510296,5fbaf990efe4a5bcf223f9d7,AWAITING REVIEW,2023-08-03T13:25:54.088000Z,2023-08-03T13:43:11.539000Z,,2023-08-03T13:43:12.112690Z,1038,C1HYOJGP,156,English,28,Female,Black,South Africa,South Africa,South Africa,English,Yes,Full-Time
64cbaae2b71856f863e972f5,6135ffb8e34bb029c0625679,AWAITING REVIEW,2023-08-03T13:25:54.918000Z,2023-08-03T13:57:03.968000Z,,2023-08-03T13:57:05.912500Z,1870,C1HYOJGP,77,"Afrikaans, English",31,Male,Black,South Africa,South Africa,South Africa,English,DATA_EXPIRED,DATA_EXPIRED
64cbaae423df49389805dda9,60ede3759c98e508b1ad7c4e,AWAITING REVIEW,2023-08-03T13:29:07.842000Z,2023-08-03T13:47:24.469000Z,,2023-08-03T13:47:26.121277Z,1097,C1HYOJGP,238,"Portuguese, English, Spanish",44,Male,White,Portugal,Portugal,Portugal,Portuguese,No,Full-Time
64cbaae538fe7003e1778fd5,617195b7057f4e7f57f881f8,AWAITING REVIEW,2023-08-03T13:26:06.429000Z,2023-08-03T13:38:58.185000Z,,2023-08-03T13:38:58.715153Z,772,C1HYOJGP,91,English,31,Female,Black,South Africa,South Africa,South Africa,English,Yes,Other
64cbaae6332790fb1b94a5d9,6119524b5877c4cb0bffad42,AWAITING REVIEW,2023-08-03T13:25:58.104000Z,2023-08-03T13:38:52.032000Z,,2023-08-03T13:38:52.652930Z,774,C1HYOJGP,332,"Greek, English",34,Male,White,Greece,Greece,Greece,Greek,No,Full-Time
64cbaae6ff4bbc8273d1f50b,615c242aed9f74c9c4d538f8,AWAITING REVIEW,2023-08-03T13:25:58.958000Z,2023-08-03T13:38:42.740000Z,,2023-08-03T13:38:43.204018Z,764,C1HYOJGP,230,"Afrikaans, English",29,Female,Black,South Africa,South Africa,South Africa,English,Yes,Full-Time
64cbaaf3dc2c6434d90397a7,61099ed3d23b7e38349fcc01,AWAITING REVIEW,2023-08-03T13:26:11.500000Z,2023-08-03T13:36:44.778000Z,,2023-08-03T13:36:45.357992Z,634,C1HYOJGP,238,"Portuguese, English",24,Female,White,Portugal,Portugal,Portugal,Portuguese,Yes,Unemployed (and job seeking)
64cbaaf4dc2c6434d90397a8,5f156730fcffd05f688f345f,AWAITING REVIEW,2023-08-03T13:26:12.545000Z,2023-08-03T13:38:53.972000Z,,2023-08-03T13:38:54.716334Z,762,C1HYOJGP,256,"English, Polish",22,Female,White,Poland,Poland,Poland,Polish,Yes,Part-Time
64cbaafd332790fb1b94a5e0,5f44a14dc9c379248aa705a9,AWAITING REVIEW,2023-08-03T13:26:21.752000Z,2023-08-03T13:42:41.776000Z,,2023-08-03T13:42:42.456358Z,981,C1HYOJGP,488,"English, Latvian, Russian",21,Female,White,Latvia,Latvia,Latvia,Latvian,No,Unemployed (and job seeking)
64cbaafe468670b644ebb7f8,606b9c37607a895a2ee23f13,AWAITING REVIEW,2023-08-03T13:27:10.421000Z,2023-08-03T13:35:57.145000Z,,2023-08-03T13:36:00.172427Z,527,C1HYOJGP,109,"English, Portuguese",22,Male,White,Portugal,Portugal,Portugal,Portuguese,Yes,DATA_EXPIRED
64cbaaffdc2c6434d90397ad,6159e5f964d5b78cedb9c192,AWAITING REVIEW,2023-08-03T13:26:23.058000Z,2023-08-03T13:39:44.031000Z,,2023-08-03T13:39:44.635447Z,801,C1HYOJGP,543,"Portuguese, English",46,Male,White,Portugal,Portugal,Portugal,Portuguese,No,Full-Time
64cbab0114013ec4c63e7ba3,5c69824b98f65b0001353794,AWAITING REVIEW,2023-08-03T13:27:26.610000Z,2023-08-03T13:43:14.972000Z,,2023-08-03T13:43:15.488780Z,949,C1HYOJGP,441,"English, Hungarian",47,Male,White,Hungary,Hungary,Hungary,Hungarian,No,Full-Time
64cbab01b8cf9f946366fbd1,6155818277ac8f35e0436130,AWAITING REVIEW,2023-08-03T13:26:25.616000Z,2023-08-03T13:41:09.508000Z,,2023-08-03T13:41:10.059694Z,884,NOCODE,31,English,28,Female,Black,South Africa,South Africa,South Africa,English,No,DATA_EXPIRED
64cbab0a2515e2a73578ebe8,5fa154fd4cbe97227182aff7,AWAITING REVIEW,2023-08-03T13:26:34.541000Z,2023-08-03T13:39:11.519000Z,,2023-08-03T13:39:12.151496Z,757,NOCODE,411,"English, Afrikaans",31,Male,Mixed,South Africa,South Africa,South Africa,English,No,Unemployed (and job seeking)
64cbab0b49b8cec4ae0e2d89,5f900f411368d403a8f1d2a0,AWAITING REVIEW,2023-08-03T13:26:35.830000Z,2023-08-03T13:54:59.823000Z,,2023-08-03T13:55:07.532957Z,1704,NOCODE,228,"Czech, English",33,Female,White,Czech Republic,Czech Republic,Czech Republic,Czech,No,Full-Time
64cbab0bd81436e88ae98777,5fd941e0e383411330a06e2c,AWAITING REVIEW,2023-08-03T13:26:35.967000Z,2023-08-03T13:37:51.459000Z,,2023-08-03T13:37:51.966204Z,676,NOCODE,147,"English, Polish",21,Male,White,Poland,Poland,Poland,Polish,DATA_EXPIRED,DATA_EXPIRED
64cbab0d38fe7003e1778fdf,5e86116068b86421a020e345,AWAITING REVIEW,2023-08-03T13:31:25.239000Z,2023-08-03T13:53:47.103000Z,,2023-08-03T13:53:47.627292Z,1342,C1HYOJGP,206,"Portuguese, English",22,Female,White,Portugal,Portugal,Portugal,Portuguese,Yes,Due to start a new job within the next month
64cbab1049b8cec4ae0e2d8a,5fa8d0b36d9bac7b3cbf2e59,AWAITING REVIEW,2023-08-03T13:26:40.128000Z,2023-08-03T13:40:43.224000Z,,2023-08-03T13:40:43.787806Z,844,C1HYOJGP,78,"Italian, English",24,Male,White,Italy,Italy,Italy,Italian,No,Unemployed (and job seeking)
64cbab10aa018d633df378c0,5d52e8962d61440001ac572d,AWAITING REVIEW,2023-08-03T13:26:40.951000Z,2023-08-03T13:41:04.088000Z,,2023-08-03T13:41:04.567449Z,864,C1HYOJGP,248,"Russian, English, Latvian",39,Male,White,Latvia,Latvia,Latvia,Latvian,No,"Not in paid work (e.g. homemaker', 'retired or disabled)"
64cbab116d3e08279217c6e2,610fcec8b6edd17fa96ccdea,REJECTED,2023-08-03T13:26:41.934000Z,2023-08-03T14:07:34.829000Z,2023-08-03T14:25:53.005000Z,2023-08-03T14:07:35.890000Z,2453,NOCODE,184,CONSENT_REVOKED,CONSENT_REVOKED,CONSENT_REVOKED,CONSENT_REVOKED,CONSENT_REVOKED,CONSENT_REVOKED,CONSENT_REVOKED,CONSENT_REVOKED,CONSENT_REVOKED,CONSENT_REVOKED
64cbab12cbeb94fbc2ed7e55,6135e184b0782d209ac91e94,AWAITING REVIEW,2023-08-03T13:26:42.567000Z,2023-08-03T13:41:41.006000Z,,2023-08-03T13:41:41.687336Z,899,C1HYOJGP,51,"Afrikaans, English",31,Male,Mixed,South Africa,South Africa,South Africa,Afrikaans,DATA_EXPIRED,DATA_EXPIRED
64cbab13ccc9510510141800,610ec0291eddcdd98691690b,AWAITING REVIEW,2023-08-03T13:26:43.751000Z,2023-08-03T13:37:55.132000Z,,2023-08-03T13:37:55.624124Z,672,NOCODE,276,English,24,Female,Black,South Africa,South Africa,South Africa,English,No,Full-Time
64cbab14d335aba673a5668e,5fb6e42f4594d6160ce384e4,AWAITING REVIEW,2023-08-03T13:26:44.820000Z,2023-08-03T13:42:29.370000Z,,2023-08-03T13:42:29.999396Z,945,NOCODE,76,"Catalan, English, Spanish",23,Male,White,Spain,Spain,Spain,Catalan,DATA_EXPIRED,DATA_EXPIRED
64cbab18186aa128f217c70e,61641b8573a9dcd29ba9d87b,AWAITING REVIEW,2023-08-03T13:26:48.875000Z,2023-08-03T13:37:03.541000Z,,2023-08-03T13:37:04.073571Z,615,C1HYOJGP,255,"Portuguese, English",21,Female,White,Portugal,Portugal,Portugal,Portuguese,Yes,Other
64cbab1e89678dadbf5102cf,60e9ea97d19e613e60a994da,AWAITING REVIEW,2023-08-03T13:27:05.515000Z,2023-08-03T13:41:10.802000Z,,2023-08-03T13:41:11.328853Z,846,C1HYOJGP,223,English,22,Male,Black,Zambia,South Africa,Zambia,English,Yes,Unemployed (and job seeking)
64cbab213a1e24c64f1b93bb,6026bdfaf5361f3d0273bb9c,AWAITING REVIEW,2023-08-03T13:27:13.847000Z,2023-08-03T13:44:35.459000Z,,2023-08-03T13:44:37.524520Z,1042,C1HYOJGP,99,"Afrikaans, English",22,Male,White,South Africa,South Africa,South Africa,Afrikaans,Yes,Other
64cbab23033d1a99197a76b6,61337e0581b2070f40e3511d,AWAITING REVIEW,2023-08-03T13:27:01.344000Z,2023-08-03T13:38:20.542000Z,,2023-08-03T13:38:21.628261Z,680,C1HYOJGP,287,"Portuguese, English, Spanish",20,Female,White,Portugal,Portugal,Portugal,Portuguese,Yes,Other
64cbab23882173d384b52cd2,60f70af563ef757f65e750e0,AWAITING REVIEW,2023-08-03T13:27:13.359000Z,2023-08-03T13:44:05.049000Z,,2023-08-03T13:44:06.067548Z,1012,NOCODE,116,"Afrikaans, English",32,Female,Mixed,South Africa,South Africa,South Africa,English,Yes,Full-Time
64cbab24055fe8e595942df9,60dae7f7ca5ccaa419552ed8,AWAITING REVIEW,2023-08-03T13:28:52.829000Z,2023-08-03T13:47:06.551000Z,,2023-08-03T13:47:07.037060Z,1094,C1HYOJGP,47,"English, Other",24,Female,Black,South Africa,South Africa,South Africa,English,Yes,Part-Time
64cbab25e06db7afa55ce1fd,60eefb5e9ab509be95a1a73b,AWAITING REVIEW,2023-08-03T13:27:20.156000Z,2023-08-03T13:55:25.071000Z,,2023-08-03T13:55:28.290359Z,1685,C1HY0JGP,45,"English, Afrikaans",20,Female,Black,South Africa,South Africa,South Africa,English,Yes,DATA_EXPIRED
64cbab2c2e280cacba9d3faf,615b37de9f81596034aeb896,AWAITING REVIEW,2023-08-03T13:28:04.065000Z,2023-08-03T13:44:00.831000Z,,2023-08-03T13:44:01.529521Z,957,C1HYOJGP,193,"English, Afrikaans",48,Female,Black,South Africa,South Africa,South Africa,English,Yes,Full-Time
64cbab2f8c18cedb73d1f4a2,615af412f732129f0e29847e,AWAITING REVIEW,2023-08-03T13:27:11.805000Z,2023-08-03T13:47:03.438000Z,,2023-08-03T13:47:04.128813Z,1192,C1HYOJGP,183,English,35,Female,Black,South Africa,South Africa,South Africa,English,No,Part-Time
64cbab33398145549bcc75fb,61757c0b9a1b784bb12e99c4,AWAITING REVIEW,2023-08-03T13:27:24.067000Z,2023-08-03T13:50:01.742000Z,,2023-08-03T13:50:02.276182Z,1358,NOCODE,150,English,27,Male,Black,South Africa,South Africa,South Africa,Other,No,Full-Time
64cbab9ee06db7afa55ce215,6151a21b24b1ef1bc130b97d,AWAITING REVIEW,2023-08-03T13:29:06.559000Z,2023-08-03T13:48:02.192000Z,,2023-08-03T13:48:02.704138Z,1136,C1HYOJGP,320,English,30,Male,Mixed,South Africa,South Africa,South Africa,English,No,Part-Time
64cbabe6888536d7f60e2d6c,614f224230ebf4d8a70dcea2,AWAITING REVIEW,2023-08-03T13:30:17.311000Z,2023-08-03T13:43:05.433000Z,,2023-08-03T13:43:05.950224Z,769,NOCODE,168,"English, Portuguese, Spanish",24,Male,White,Portugal,Portugal,Portugal,Portuguese,Yes,Full-Time
64cbac388b4639edda59ed35,60bf79a315a10bd3d21b3a96,AWAITING REVIEW,2023-08-03T13:31:59.159000Z,2023-08-03T13:42:52.177000Z,,2023-08-03T13:42:53.072145Z,654,NOCODE,78,"Hungarian, English, Spanish",25,Female,White,Hungary,Hungary,Hungary,Hungarian,Yes,Part-Time
64cbac470477c30e6f24324e,60d7078c3e724cb9020fe786,AWAITING REVIEW,2023-08-03T13:32:47.564000Z,2023-08-03T13:45:07.743000Z,,2023-08-03T13:45:09.004181Z,741,C1HYOJGP,209,"French, English",28,Male,Black,Zimbabwe,South Africa,Zimbabwe,English,Yes,Full-Time
64cbad483f58dd31fe5900bd,645ce8d83aa6c5a4764b39fc,AWAITING REVIEW,2023-08-03T13:36:49.347000Z,2023-08-03T13:49:32.734000Z,,2023-08-03T13:49:37.372393Z,764,C1HYOJGP,35,"Afrikaans, English, Other",27,Female,Mixed,South Africa,South Africa,South Africa,English,Yes,Part-Time
64cbb0a289e08b974782700b,60ef2bbcd29b2b3f90f2ef66,AWAITING REVIEW,2023-08-03T13:50:57.485000Z,2023-08-03T14:14:05.335000Z,,2023-08-03T14:14:05.877234Z,1388,C1HYOJGP,164,English,23,Female,Black,South Africa,South Africa,South Africa,English,Yes,Full-Time
64cbb0a37215e343512c190a,6005331b282af2704b3e9854,AWAITING REVIEW,2023-08-03T13:50:41.516000Z,2023-08-03T13:59:12.209000Z,,2023-08-03T13:59:12.805103Z,511,C1HYOJGP,551,English,30,Female,Black,Zimbabwe,South Africa,Zimbabwe,English,No,Part-Time
64cbb0a54cde32cf2aebec0e,5e82436705aa580b7fb0610d,AWAITING REVIEW,2023-08-03T13:50:39.790000Z,2023-08-03T13:58:02.719000Z,,2023-08-03T13:58:03.520313Z,443,C1HYOJGP,215,"Italian, English",26,Female,White,Italy,Italy,Italy,Italian,DATA_EXPIRED,DATA_EXPIRED
64cbb0a8ecebaf0497ba3b8b,614f43a6c90a283cc07af4a2,AWAITING REVIEW,2023-08-03T13:50:38.212000Z,2023-08-03T14:00:43.483000Z,,2023-08-03T14:00:48.910007Z,606,NOCODE,368,English,30,Female,Black,South Africa,South Africa,South Africa,English,No,Full-Time
64cbb0a8fbf5f29953da0d49,614d9ea7c87980229c834d21,AWAITING REVIEW,2023-08-03T13:50:37.119000Z,2023-08-03T14:03:26.525000Z,,2023-08-03T14:03:27.138062Z,770,C1HYOJGP,481,"Polish, English, Ukrainian, Russian",22,Male,White,Poland,Poland,Poland,Polish,No,Full-Time
64cbb0a922ebc8d5d5660149,5fa001ec46bf970156046101,AWAITING REVIEW,2023-08-03T13:50:39.854000Z,2023-08-03T14:03:59.023000Z,,2023-08-03T14:04:00.323607Z,800,C1HYOJGP,148,"English, Polish",49,Female,White,Poland,Poland,Poland,Polish,No,Full-Time
64cbb0a9903b5568eafe2e05,612661ebfc441265112cf844,AWAITING REVIEW,2023-08-03T13:50:37.227000Z,2023-08-03T14:04:54.630000Z,,2023-08-03T14:04:55.176821Z,858,NOCODE,385,"Italian, English",32,Male,White,Italy,Italy,Italy,Italian,No,Full-Time
64cbb0ab7215e343512c190d,612cbe8864a356707f3fa9db,AWAITING REVIEW,2023-08-03T13:51:07.550000Z,2023-08-03T14:13:49.532000Z,,2023-08-03T14:13:50.035357Z,1362,C1HYOJGP,44,English,26,Female,Mixed,South Africa,South Africa,South Africa,English,DATA_EXPIRED,DATA_EXPIRED
64cbb0ac0a628382ca3949f9,5e31e3a74419561c9cb85728,AWAITING REVIEW,2023-08-03T13:50:36.706000Z,2023-08-03T14:07:35.211000Z,,2023-08-03T14:07:35.850162Z,1019,C1HYOJGP,284,"Italian, English",27,Male,White,Italy,Italy,Italy,Italian,No,Part-Time
64cbb0ad09abd301b6dc641e,5e8f4d8918ca6c2314765d92,AWAITING REVIEW,2023-08-03T13:52:52.069000Z,2023-08-03T14:08:03.057000Z,,2023-08-03T14:08:03.604133Z,911,C1HYOJGP,147,"English, German, Polish",21,Female,White,Poland,Poland,Poland,Polish,Yes,Full-Time
64cbb0add434ab1df9f46a1f,5df2235d5a34251266ea645e,AWAITING REVIEW,2023-08-03T13:50:37.534000Z,2023-08-03T14:09:09.370000Z,,2023-08-03T14:09:09.942570Z,1112,C1HYOJGP,698,"Hungarian, English",26,Male,White,Hungary,Hungary,Hungary,Hungarian,No,Unemployed (and job seeking)
64cbb0aec4736c819ef8bf8c,60a0dfc6f9936b0d30dfea15,AWAITING REVIEW,2023-08-03T13:51:00.880000Z,2023-08-03T14:03:27.704000Z,,2023-08-03T14:03:28.188645Z,747,C1HYOJGP,744,"English, Greek, German",33,Male,White,Greece,Greece,Greece,Greek,Yes,Full-Time
64cbb0af0019a271e158a086,5e94d68d019f0836d66ed17e,AWAITING REVIEW,2023-08-03T13:50:39.045000Z,2023-08-03T14:15:28.536000Z,,2023-08-03T14:15:29.060430Z,1490,C1HYOJGP,206,English,22,Female,Black,South Africa,South Africa,South Africa,English,Yes,Unemployed (and job seeking)
64cbb0afd7f0c9323280e5d6,6141e960f04021e2c58e519f,AWAITING REVIEW,2023-08-03T13:51:25.593000Z,2023-08-03T14:12:35.117000Z,,2023-08-03T14:12:36.085473Z,1270,NOCODE,90,"English, Portuguese",25,Female,White,Portugal,Portugal,Portugal,Portuguese,DATA_EXPIRED,DATA_EXPIRED
64cbb0aff65bf620ed1e244d,61601e9a6b8306196d2a129c,AWAITING REVIEW,2023-08-03T13:50:39.439000Z,2023-08-03T14:07:28.458000Z,,2023-08-03T14:07:29.089850Z,1010,C1HO,384,English,34,Female,Asian,South Africa,South Africa,South Africa,English,No,Unemployed (and job seeking)
64cbb0b0d1ab3290491ee257,610d97ed406cb5e7dfc695ae,AWAITING REVIEW,2023-08-03T13:50:40.728000Z,2023-08-03T14:02:51.288000Z,,2023-08-03T14:02:52.027342Z,731,NOCODE,269,"Portuguese, English, Spanish",27,Male,White,Portugal,Portugal,Portugal,Portuguese,No,DATA_EXPIRED
64cbb0b19fc123b082c8a76d,5e4aa8632301e7000b5791a7,REJECTED,2023-08-03T13:50:41.135000Z,2023-08-03T14:40:22.918000Z,2023-08-03T14:53:20.866000Z,2023-08-03T14:40:23.861000Z,2982,NOCODE,471,CONSENT_REVOKED,CONSENT_REVOKED,CONSENT_REVOKED,CONSENT_REVOKED,CONSENT_REVOKED,CONSENT_REVOKED,CONSENT_REVOKED,CONSENT_REVOKED,CONSENT_REVOKED,CONSENT_REVOKED
64cbb0b26db615283fa4d029,5dc56fbac34fc53e4e78b820,AWAITING REVIEW,2023-08-03T13:50:42.445000Z,2023-08-03T14:01:35.581000Z,,2023-08-03T14:01:36.980893Z,654,C1HYOJGP,401,"Latvian, English",39,Male,White,Latvia,Latvia,Latvia,Latvian,No,Unemployed (and job seeking)
64cbb0b319418c8975d4acda,6495a5f76daf70e418baf5f7,AWAITING REVIEW,2023-08-03T13:52:28.039000Z,2023-08-03T14:03:04.545000Z,,2023-08-03T14:03:05.175915Z,637,C1HYOJGP,23,English,23,Female,Mixed,South Africa,South Africa,South Africa,English,Yes,Other
64cbb0b37215e343512c190f,5ff78165c6542445fadb18ec,AWAITING REVIEW,2023-08-03T13:50:43.565000Z,2023-08-03T14:17:58.747000Z,,2023-08-03T14:17:59.749556Z,1636,C1HYOJGP,154,"Polish, English",21,Female,White,Poland,Poland,Poland,Polish,Yes,Other
64cbb0b41ff29bddd55a3ba9,6155796f5678e21525d664b9,AWAITING REVIEW,2023-08-03T13:50:44.666000Z,2023-08-03T14:11:30.988000Z,,2023-08-03T14:11:31.906358Z,1247,C1HYOJGP,377,English,41,Female,Black,Zimbabwe,South Africa,Zimbabwe,English,Yes,Part-Time
64cbb0b4f792bd43759b87b3,5fbab1a17fe54faddf522d85,AWAITING REVIEW,2023-08-03T13:50:44.696000Z,2023-08-03T14:37:39.355000Z,,2023-08-03T14:38:07.853974Z,2815,C1HYOJGP,433,"Portuguese, English, Spanish",24,Male,White,Portugal,Portugal,Portugal,Portuguese,Yes,Full-Time
64cbb0b5676b66d23e619fb8,611e9c16e90a0d4c6f0d8df5,AWAITING REVIEW,2023-08-03T13:51:14.064000Z,2023-08-03T14:08:10.887000Z,,2023-08-03T14:08:12.344658Z,1017,C1HYOJGP,181,English,23,Female,Black,South Africa,South Africa,South Africa,English,Yes,Full-Time
64cbb0b5f081cdf0397f162c,6150b1ab531874be26425a70,AWAITING REVIEW,2023-08-03T13:51:09.310000Z,2023-08-03T14:34:30.030000Z,,2023-08-03T14:36:15.140728Z,2601,C1HYOJGP,174,English,35,Female,Black,South Africa,South Africa,South Africa,English,Yes,Full-Time
64cbb0b604e57a9ecd8e5b8e,58f50400f4ce600001016db5,AWAITING REVIEW,2023-08-03T13:50:46.512000Z,2023-08-03T14:01:39.854000Z,,2023-08-03T14:01:40.843118Z,654,C1HYOJGP,443,"English, Portuguese",25,Male,Mixed,Portugal,Portugal,Portugal,Portuguese,Yes,Part-Time
64cbb0b659e0e41c5d5a3be9,5af43b1ea37f390001276490,AWAITING REVIEW,2023-08-03T13:50:46.477000Z,2023-08-03T14:02:45.950000Z,,2023-08-03T14:02:46.441109Z,720,C1HYOJGP,570,"English, Spanish",28,Female,Mixed,Mexico,Mexico,Mexico,Spanish,DATA_EXPIRED,DATA_EXPIRED
64cbb0b683637f598e0456bc,5f1799b7914250141b4ce3ff,AWAITING REVIEW,2023-08-03T13:50:46.816000Z,2023-08-03T14:04:30.533000Z,,2023-08-03T14:04:31.091263Z,824,C1HYOJGP,136,"Polish, English",25,Male,White,Poland,Poland,Poland,Polish,No,Unemployed (and job seeking)
64cbb0b6911737f970cc6ba7,611e182dfe4a100e7d271c7e,AWAITING REVIEW,2023-08-03T13:50:46.148000Z,2023-08-03T14:06:15.015000Z,,2023-08-03T14:06:15.539519Z,929,C1HYOJGP,402,English,28,Female,Black,Zimbabwe,South Africa,Zimbabwe,English,No,Full-Time
64cbb0b6a668a58b1debdb53,5f359a0aa0b9125a3c6b8fff,AWAITING REVIEW,2023-08-03T13:50:46.941000Z,2023-08-03T14:00:12.324000Z,,2023-08-03T14:00:12.880088Z,566,NOCODE,386,"Polish, English",25,Female,White,Poland,Poland,Poland,Polish,No,Part-Time
64cbb0b79aaee3a253e60caa,5b9f7f9eaa0e0e0001573bd2,AWAITING REVIEW,2023-08-03T13:50:56.212000Z,2023-08-03T14:06:38.035000Z,,2023-08-03T14:06:38.585146Z,942,NOCODE,818,"Polish, Danish, Swedish, German, English",49,Male,White,Poland,Poland,Germany,German,No,Full-Time
64cbb0b7c9a08687d1f143b8,615ff8f6ce3e9f8314f44d8a,AWAITING REVIEW,2023-08-03T13:50:56.017000Z,2023-08-03T14:06:28.715000Z,,2023-08-03T14:06:29.278246Z,933,16242,268,English,35,Male,Black,South Africa,South Africa,South Africa,English,No,Full-Time
64cbb0b7d838147de7a4d092,60d1cd727ab62d8f978d8cf7,AWAITING REVIEW,2023-08-03T13:50:47.313000Z,2023-08-03T14:18:27.294000Z,,2023-08-03T14:18:27.847336Z,1660,C1HYOJGP,245,English,40,Female,Asian,South Africa,South Africa,South Africa,English,No,Full-Time
64cbb0b89aa2e53e7a6600f7,5f7c705413484a0801024e21,AWAITING REVIEW,2023-08-03T13:50:48.615000Z,2023-08-03T14:00:22.582000Z,,2023-08-03T14:00:27.340605Z,574,C1HYOJGP,174,"English, French, Portuguese, Spanish",22,Female,White,Portugal,Portugal,Portugal,Portuguese,Yes,Other
64cbb0b904e57a9ecd8e5b91,616033a44ba802b7e18daaa9,AWAITING REVIEW,2023-08-03T13:50:49.035000Z,2023-08-03T14:07:45.972000Z,,2023-08-03T14:07:47.112949Z,1017,NOCODE,503,English,20,Female,Black,South Africa,South Africa,South Africa,English,Yes,Part-Time
64cbb0b99844d3bf0962b13e,611df548159c59a524111f50,AWAITING REVIEW,2023-08-03T13:50:57.973000Z,2023-08-03T14:07:46.920000Z,,2023-08-03T14:07:47.433390Z,1009,C1HYOJGP,104,English,29,Female,Black,South Africa,South Africa,South Africa,English,Yes,Unemployed (and job seeking)
64cbb0b99aa2e53e7a6600f9,5cd74735c78b7d0001f9b364,AWAITING REVIEW,2023-08-03T13:50:49.712000Z,2023-08-03T14:06:08.321000Z,,2023-08-03T14:06:09.375739Z,919,C1HYOJGP,1034,"English, Spanish, Italian",31,Male,White,Italy,Spain,Italy,Italian,No,Full-Time
64cbb0b9ae921395963299cb,603e0fefed5529d4b14e3546,AWAITING REVIEW,2023-08-03T13:50:49.099000Z,2023-08-03T14:04:18.561000Z,,2023-08-03T14:04:19.613556Z,810,NOCODE,121,"Polish, English",24,Male,White,Poland,Poland,Poland,Polish,Yes,Part-Time
64cbb0b9b5ce9c225d0cf80b,647f2fc07c3b6f7de0a78b35,AWAITING REVIEW,2023-08-03T13:50:55.592000Z,2023-08-03T14:00:25.025000Z,,2023-08-03T14:00:28.958835Z,570,C1HYOJGP,44,"Portuguese, English",25,Male,White,Portugal,Portugal,Portugal,Portuguese,No,Full-Time
64cbb0ba04e57a9ecd8e5b93,5a0faf7a120fb3000194961d,AWAITING REVIEW,2023-08-03T13:50:50.402000Z,2023-08-03T14:34:51.483000Z,,2023-08-03T14:36:28.333757Z,2642,C1HYOJGP,458,"English, Greek",27,Male,White,Greece,Greece,Greece,Greek,DATA_EXPIRED,DATA_EXPIRED
64cbb0ba678186610939670c,602bbb43cfca8a33d87378c7,AWAITING REVIEW,2023-08-03T13:50:50.043000Z,2023-08-03T14:02:39.443000Z,,2023-08-03T14:02:40.459987Z,710,C1HYOJGP,380,"English, Polish",24,Male,White,Poland,Poland,Poland,Polish,Yes,Other
64cbb0ba9af6185581fc5568,5f131d8417ab1e03a958b349,AWAITING REVIEW,2023-08-03T13:50:53.860000Z,2023-08-03T14:04:54.787000Z,,2023-08-03T14:04:57.095483Z,841,NOCODE,455,"Portuguese, English",36,Male,White,Portugal,Portugal,Portugal,Portuguese,No,Full-Time
64cbb0bb6f37c181a521ccc9,60e2f552aa84193b0f04703a,AWAITING REVIEW,2023-08-03T13:50:51.706000Z,2023-08-03T14:04:05.223000Z,,2023-08-03T14:04:06.363594Z,794,C1HYOJGP,393,"Italian, English",47,Male,White,Italy,Italy,Italy,Italian,No,Full-Time
64cbb0bbf3ec1344eacc6bc2,6069f9a16164d8e1747bb021,AWAITING REVIEW,2023-08-03T13:51:09.694000Z,2023-08-03T14:03:11.675000Z,,2023-08-03T14:03:12.423899Z,722,C1HYOJGP,359,"Latvian, English",21,Female,White,Latvia,Latvia,Latvia,Latvian,Yes,Full-Time
64cbb0bc9af6185581fc556b,5f70f2daea9a9f7076484982,AWAITING REVIEW,2023-08-03T13:50:51.989000Z,2023-08-03T14:03:03.410000Z,,2023-08-03T14:03:04.526217Z,732,C1HYOJGP,897,"Czech, Danish, Dutch, English, French, German, Italian, Polish, Slovak, Spanish",39,Female,White,Poland,Poland,Poland,Polish,No,Full-Time
64cbb0bca9f225aa4870b2c8,615dd36156bf443246c0b660,AWAITING REVIEW,2023-08-03T13:50:56.615000Z,2023-08-03T14:05:18.115000Z,,2023-08-03T14:05:20.335383Z,862,C1HYOJGP,432,"Afrikaans, English",56,Male,White,South Africa,South Africa,South Africa,Afrikaans,No,Full-Time
64cbb0bcbdeaf837d94d6964,6429682ff18d08f9eed7d9e7,AWAITING REVIEW,2023-08-03T13:51:01.805000Z,2023-08-03T13:57:22.304000Z,,2023-08-03T13:57:23.427162Z,381,NOCODE,184,"English, German, Spanish",24,Male,White,Germany,Germany,Germany,German,No,Full-Time
64cbb0bcede34dd6ecb731e4,58dd0b15402260000102895b,AWAITING REVIEW,2023-08-03T13:50:52.666000Z,2023-08-03T14:00:28.129000Z,,2023-08-03T14:00:32.180168Z,576,C1HYOJGP,561,"English, Italian",32,Female,White,Italy,Italy,Italy,Italian,DATA_EXPIRED,DATA_EXPIRED
64cbb0bd64930569bc9d4712,645d3d0d4ba9fb55a0652314,AWAITING REVIEW,2023-08-03T13:51:23.772000Z,2023-08-03T14:11:59.546000Z,,2023-08-03T14:12:00.047560Z,1236,C1HYOJGP,56,English,28,Female,Black,South Africa,South Africa,South Africa,English,No,Full-Time
64cbb0bde7c6fe49e2f4610e,5d8346167ed176001888204d,AWAITING REVIEW,2023-08-03T13:50:53.092000Z,2023-08-03T14:02:21.704000Z,,2023-08-03T14:02:25.579130Z,689,C1HYOJGP,677,"Portuguese, English, Spanish",37,Male,White,Portugal,Portugal,Portugal,Portuguese,No,Full-Time
64cbb0be676b66d23e619fbb,611e20464a435b1b494f042d,AWAITING REVIEW,2023-08-03T13:50:54.208000Z,2023-08-03T14:03:40.800000Z,,2023-08-03T14:03:41.352473Z,767,C1HYOJGP,390,English,31,Male,Black,South Africa,South Africa,South Africa,English,No,Full-Time
64cbb0be96a88d6f5dc7669b,5f3e721dde270107cd4c5bf6,AWAITING REVIEW,2023-08-03T13:50:54.165000Z,2023-08-03T14:02:33.109000Z,,2023-08-03T14:02:33.958595Z,699,NOCODE,391,"Dutch, English",28,Female,White,Netherlands,Netherlands,Netherlands,Dutch,DATA_EXPIRED,DATA_EXPIRED
64cbb0c9ad08bebe912c1958,5bf9157e8e9c9d000109f674,AWAITING REVIEW,2023-08-03T13:51:05.688000Z,2023-08-03T13:58:11.016000Z,,2023-08-03T13:58:12.457362Z,426,C1HYOJGP,321,"English, Latvian, Russian",27,Male,White,Latvia,Latvia,Latvia,Latvian,No,Full-Time
64cbb11272fe2ee765932717,6088a7e22d5b98ef3f813a22,AWAITING REVIEW,2023-08-03T13:52:25.133000Z,2023-08-03T14:08:42.695000Z,,2023-08-03T14:08:43.270295Z,978,C1HYOJGP,314,"Spanish, English",30,Female,Other,Chile,Chile,Chile,Spanish,No,Full-Time
64cbb120eff776a8cf725547,647df23a62de26114fdcb29c,AWAITING REVIEW,2023-08-03T13:52:32.712000Z,2023-08-03T14:06:45.615000Z,,2023-08-03T14:06:46.248995Z,853,C1HYOJGP,53,"Swedish, Slovenian, English",36,Male,White,Sweden,Sweden,Sweden,Swedish,No,Unemployed (and job seeking)
64cbb17372fe2ee76593273e,61681f59f7bc57738bf25f26,AWAITING REVIEW,2023-08-03T13:54:06.464000Z,2023-08-03T14:09:55.224000Z,,2023-08-03T14:09:55.889396Z,949,C1HYOJGP,359,"English, Rather not say",24,Male,Black,South Africa,South Africa,South Africa,English,Yes,Full-Time
64cbb1977a205383b6932729,6077107d2444e8b2290688cf,AWAITING REVIEW,2023-08-03T14:00:31.323000Z,2023-08-03T14:13:24.172000Z,,2023-08-03T14:13:24.708415Z,773,C1HYOJGP,101,"Afrikaans, English",24,Female,Black,South Africa,South Africa,South Africa,English,Yes,Full-Time
64cbb1c54e31410184f3e9de,5f7f18137488a50407d729e6,AWAITING REVIEW,2023-08-03T13:55:25.140000Z,2023-08-03T14:11:08.580000Z,,2023-08-03T14:11:09.409766Z,944,C1HYOJGP,155,English,25,Female,Black,South Africa,South Africa,South Africa,English,No,Full-Time
64cbb1e09a4c6a2ffb69c852,5e765060efdcf71bffa5683f,AWAITING REVIEW,2023-08-03T13:56:46.730000Z,2023-08-03T14:07:59.336000Z,,2023-08-03T14:07:59.922824Z,673,C1HYOJGP,781,"Italian, English",25,Male,White,Italy,Italy,Italy,Italian,Yes,Part-Time
64cbb295d63184a8165c4b69,5a99a3154eecca0001dd7998,AWAITING REVIEW,2023-08-03T13:58:45.198000Z,2023-08-03T14:06:54.152000Z,,2023-08-03T14:06:55.305230Z,489,C1HYOJGP,236,English,35,Female,White,United Kingdom,United Kingdom,United Kingdom,English,No,"Not in paid work (e.g. homemaker', 'retired or disabled)"
64cbb2f968fd6eeac93ee65b,63d144900b21122a53867c9a,AWAITING REVIEW,2023-08-03T14:00:29.798000Z,2023-08-03T14:10:54.630000Z,,2023-08-03T14:10:55.137942Z,625,C1HYOJGP,302,English,33,Male,White,United Kingdom,United Kingdom,United Kingdom,English,No,Full-Time
64cbb35f22bde2d16b375789,61644a9055a7fdced6a7aa9c,AWAITING REVIEW,2023-08-03T14:02:50.166000Z,2023-08-03T14:31:00.974000Z,,2023-08-03T14:32:16.529298Z,1691,C1HYOJGP,439,English,28,Female,Black,South Africa,South Africa,South Africa,English,No,Part-Time
64cbb38a5b24c7fdc9bccb0d,5e6d7fa722eae434ce63b64c,AWAITING REVIEW,2023-08-03T14:03:07.120000Z,2023-08-03T14:12:45.373000Z,,2023-08-03T14:12:47.008694Z,579,C1HYOJGP,209,English,27,Female,White,Ireland,United Kingdom,Ireland,English,Yes,Part-Time
64cbb42ef218a4383a5a3ba9,5c70974403f85b0001af8d5d,AWAITING REVIEW,2023-08-03T14:05:41.078000Z,2023-08-03T14:13:43.857000Z,,2023-08-03T14:13:44.465106Z,483,C1HYOJGP,816,"English, Urdu",39,Male,Asian,Pakistan,Canada,Canada,English,No,Full-Time
64cbb447f72a77b7140cf81f,61229a0c172c0654691366ed,AWAITING REVIEW,2023-08-03T14:06:12.566000Z,2023-08-03T14:45:55.319000Z,,2023-08-03T14:45:56.026537Z,2383,NOCODE,243,English,28,Female,Black,South Africa,South Africa,South Africa,English,No,Full-Time
64cbb46fb87ad9bd0bb04239,5de42a01a7cb2401ccc682c3,AWAITING REVIEW,2023-08-03T14:06:55.762000Z,2023-08-03T14:16:19.980000Z,,2023-08-03T14:16:20.893138Z,565,NOCODE,707,"English, Polish",33,Male,White,Poland,Poland,Poland,Polish,No,Full-Time
64cbb67189844906650cbfcd,5db050bee16e28001752bc92,AWAITING REVIEW,2023-08-03T14:16:17.946000Z,2023-08-03T14:25:53.700000Z,,2023-08-03T14:25:57.011679Z,576,C1HYOJGP,880,"German, English, Hindi",30,Male,Asian,India,Germany,India,English,No,Full-Time
64cbb8f6f93bd48b843c4bd6,6148afc156c049b69cde0d5e,AWAITING REVIEW,2023-08-03T14:27:26.494000Z,2023-08-03T14:43:21.713000Z,,2023-08-03T14:43:22.235507Z,956,C1HYOJGP,178,"Catalan, English, Italian, Spanish",21,Female,White,Spain,Spain,Spain,Catalan,Yes,Part-Time
64cbb97de1760cfef4ba3b6f,647e5f4c5b7dfbc365335f72,AWAITING REVIEW,2023-08-03T14:30:18.176000Z,2023-08-03T14:46:57.526000Z,,2023-08-03T14:46:58.353658Z,1000,NOCODE,73,"Portuguese, Spanish, English",54,Female,White,Portugal,Portugal,Portugal,Portuguese,No,Full-Time
64cbb97eba047c2950ed5adc,61267b828ead584bcf092e35,AWAITING REVIEW,2023-08-03T14:28:14.888000Z,2023-08-03T14:51:26.124000Z,,2023-08-03T14:52:14.570143Z,1392,C1HYOJGP,634,English,34,Female,Black,South Africa,South Africa,South Africa,English,Yes,Part-Time
